table_schema,table_name,constraint_name,constraint_type
app,rental_audit_log,rental_audit_log_action_not_null,CHECK
app,rental_audit_log,rental_audit_log_changed_at_not_null,CHECK
app,rental_audit_log,rental_audit_log_id_not_null,CHECK
app,rental_audit_log,rental_audit_log_payment_schedule_id_fkey,FOREIGN KEY
app,rental_audit_log,rental_audit_log_rental_id_fkey,FOREIGN KEY
app,rental_audit_log,rental_audit_log_pkey,PRIMARY KEY
app,rental_documents,rental_documents_document_name_not_null,CHECK
app,rental_documents,rental_documents_document_type_check,CHECK
app,rental_documents,rental_documents_document_type_not_null,CHECK
app,rental_documents,rental_documents_id_not_null,CHECK
app,rental_documents,rental_documents_rental_id_not_null,CHECK
app,rental_documents,rental_documents_uploaded_at_not_null,CHECK
app,rental_documents,rental_documents_rental_id_fkey,FOREIGN KEY
app,rental_documents,rental_documents_pkey,PRIMARY KEY
app,rental_participants,rental_participants_counts_toward_cap_not_null,CHECK
app,rental_participants,rental_participants_created_at_not_null,CHECK
app,rental_participants,rental_participants_id_not_null,CHECK
app,rental_participants,rental_participants_participant_role_check,CHECK
app,rental_participants,rental_participants_participant_role_not_null,CHECK
app,rental_participants,rental_participants_rental_id_not_null,CHECK
app,rental_participants,rental_participants_split_percentage_not_null,CHECK
app,rental_participants,rental_participants_updated_at_not_null,CHECK
app,rental_participants,rental_participants_rental_id_fkey,FOREIGN KEY
app,rental_participants,rental_participants_pkey,PRIMARY KEY
app,rental_payment_schedule,rental_payment_schedule_created_at_not_null,CHECK
app,rental_payment_schedule,rental_payment_schedule_due_date_not_null,CHECK
app,rental_payment_schedule,rental_payment_schedule_id_not_null,CHECK
app,rental_payment_schedule,rental_payment_schedule_payment_sequence_number_not_null,CHECK
app,rental_payment_schedule,rental_payment_schedule_payment_status_check,CHECK
app,rental_payment_schedule,rental_payment_schedule_payment_status_not_null,CHECK
app,rental_payment_schedule,rental_payment_schedule_rental_id_not_null,CHECK
app,rental_payment_schedule,rental_payment_schedule_transaction_created_not_null,CHECK
app,rental_payment_schedule,rental_payment_schedule_updated_at_not_null,CHECK
app,rental_payment_schedule,rental_payment_schedule_rental_id_fkey,FOREIGN KEY
app,rental_payment_schedule,rental_payment_schedule_pkey,PRIMARY KEY
app,rentals,rentals_counts_toward_cap_not_null,CHECK
app,rentals,rentals_created_at_not_null,CHECK
app,rentals,rentals_frequency_check,CHECK
app,rentals,rentals_frequency_not_null,CHECK
app,rentals,rentals_id_not_null,CHECK
app,rentals,rentals_property_address_not_null,CHECK
app,rentals,rentals_rental_number_not_null,CHECK
app,rentals,rentals_rental_status_check,CHECK
app,rentals,rentals_rental_status_not_null,CHECK
app,rentals,rentals_rental_type_check,CHECK
app,rentals,rentals_rental_type_not_null,CHECK
app,rentals,rentals_updated_at_not_null,CHECK
app,rentals,rentals_pkey,PRIMARY KEY
app,rentals,rentals_rental_number_key,UNIQUE
migration,agent_deregistration_log,agent_deregistration_log_associate_id_not_null,CHECK
migration,agent_deregistration_log,agent_deregistration_log_deregistered_at_not_null,CHECK
migration,agent_deregistration_log,agent_deregistration_log_id_not_null,CHECK
migration,agent_deregistration_log,agent_deregistration_log_pkey,PRIMARY KEY
migration,agent_reactivation_log,agent_reactivation_log_associate_id_not_null,CHECK
migration,agent_reactivation_log,agent_reactivation_log_id_not_null,CHECK
migration,agent_reactivation_log,agent_reactivation_log_reactivated_at_not_null,CHECK
migration,agent_reactivation_log,agent_reactivation_log_pkey,PRIMARY KEY
migration,associate_admin_market_centers,associate_admin_market_centers_associate_id_not_null,CHECK
migration,associate_admin_market_centers,associate_admin_market_centers_id_not_null,CHECK
migration,associate_admin_market_centers,associate_admin_market_centers_pkey,PRIMARY KEY
migration,associate_admin_teams,associate_admin_teams_associate_id_not_null,CHECK
migration,associate_admin_teams,associate_admin_teams_id_not_null,CHECK
migration,associate_admin_teams,associate_admin_teams_pkey,PRIMARY KEY
migration,associate_documents,associate_documents_associate_id_not_null,CHECK
migration,associate_documents,associate_documents_id_not_null,CHECK
migration,associate_documents,associate_documents_uploaded_at_not_null,CHECK
migration,associate_documents,associate_documents_pkey,PRIMARY KEY
migration,associate_job_titles,associate_job_titles_associate_id_not_null,CHECK
migration,associate_job_titles,associate_job_titles_id_not_null,CHECK
migration,associate_job_titles,associate_job_titles_pkey,PRIMARY KEY
migration,associate_notes,associate_notes_associate_id_not_null,CHECK
migration,associate_notes,associate_notes_created_at_not_null,CHECK
migration,associate_notes,associate_notes_id_not_null,CHECK
migration,associate_notes,associate_notes_pkey,PRIMARY KEY
migration,associate_roles,associate_roles_associate_id_not_null,CHECK
migration,associate_roles,associate_roles_id_not_null,CHECK
migration,associate_roles,associate_roles_pkey,PRIMARY KEY
migration,associate_service_communities,associate_service_communities_associate_id_not_null,CHECK
migration,associate_service_communities,associate_service_communities_id_not_null,CHECK
migration,associate_service_communities,associate_service_communities_pkey,PRIMARY KEY
migration,associate_social_media,associate_social_media_associate_id_not_null,CHECK
migration,associate_social_media,associate_social_media_id_not_null,CHECK
migration,associate_social_media,associate_social_media_pkey,PRIMARY KEY
migration,associates_prepared,associates_prepared_prepared_at_not_null,CHECK
migration,associates_prepared,associates_prepared_source_associate_id_not_null,CHECK
migration,associates_prepared,associates_prepared_pkey,PRIMARY KEY
migration,core_associates,core_associates_agent_entegral_portals_not_null,CHECK
migration,core_associates,core_associates_created_at_not_null,CHECK
migration,core_associates,core_associates_exclude_from_individual_reports_not_null,CHECK
migration,core_associates,core_associates_id_not_null,CHECK
migration,core_associates,core_associates_listing_approval_required_not_null,CHECK
migration,core_associates,core_associates_source_associate_id_not_null,CHECK
migration,core_associates,core_associates_updated_at_not_null,CHECK
migration,core_associates,core_associates_vested_not_null,CHECK
migration,core_associates,core_associates_pkey,PRIMARY KEY
migration,core_associates,core_associates_source_associate_id_key,UNIQUE
migration,core_listings,core_listings_created_at_not_null,CHECK
migration,core_listings,core_listings_id_not_null,CHECK
migration,core_listings,core_listings_no_transfer_duty_not_null,CHECK
migration,core_listings,core_listings_poa_not_null,CHECK
migration,core_listings,core_listings_source_listing_id_not_null,CHECK
migration,core_listings,core_listings_updated_at_not_null,CHECK
migration,core_listings,core_listings_pkey,PRIMARY KEY
migration,core_listings,core_listings_source_listing_id_key,UNIQUE
migration,core_market_centers,core_market_centers_created_at_not_null,CHECK
migration,core_market_centers,core_market_centers_entegral_opt_in_not_null,CHECK
migration,core_market_centers,core_market_centers_entegral_portals_not_null,CHECK
migration,core_market_centers,core_market_centers_has_individual_cap_not_null,CHECK
migration,core_market_centers,core_market_centers_id_not_null,CHECK
migration,core_market_centers,core_market_centers_name_not_null,CHECK
migration,core_market_centers,core_market_centers_override_display_location_not_null,CHECK
migration,core_market_centers,core_market_centers_property24_auction_approved_not_null,CHECK
migration,core_market_centers,core_market_centers_property24_opt_in_not_null,CHECK
migration,core_market_centers,core_market_centers_source_market_center_id_not_null,CHECK
migration,core_market_centers,core_market_centers_updated_at_not_null,CHECK
migration,core_market_centers,core_market_centers_pkey,PRIMARY KEY
migration,core_market_centers,core_market_centers_source_market_center_id_key,UNIQUE
migration,core_teams,core_teams_created_at_not_null,CHECK
migration,core_teams,core_teams_id_not_null,CHECK
migration,core_teams,core_teams_name_not_null,CHECK
migration,core_teams,core_teams_source_team_id_not_null,CHECK
migration,core_teams,core_teams_updated_at_not_null,CHECK
migration,core_teams,core_teams_pkey,PRIMARY KEY
migration,core_teams,core_teams_source_team_id_key,UNIQUE
migration,core_transactions,core_transactions_created_at_not_null,CHECK
migration,core_transactions,core_transactions_id_not_null,CHECK
migration,core_transactions,core_transactions_source_associate_id_not_null,CHECK
migration,core_transactions,core_transactions_source_transaction_id_not_null,CHECK
migration,core_transactions,core_transactions_updated_at_not_null,CHECK
migration,core_transactions,core_transactions_pkey,PRIMARY KEY
migration,core_transactions,core_transactions_source_transaction_id_key,UNIQUE
migration,id_map_associates,id_map_associates_core_associate_id_not_null,CHECK
migration,id_map_associates,id_map_associates_source_associate_id_not_null,CHECK
migration,id_map_associates,id_map_associates_pkey,PRIMARY KEY
migration,id_map_legacy_associates,id_map_legacy_associates_legacy_associate_id_not_null,CHECK
migration,id_map_legacy_associates,id_map_legacy_associates_published_at_not_null,CHECK
migration,id_map_legacy_associates,id_map_legacy_associates_source_associate_id_not_null,CHECK
migration,id_map_legacy_associates,id_map_legacy_associates_pkey,PRIMARY KEY
migration,id_map_legacy_listings,id_map_legacy_listings_legacy_listing_id_not_null,CHECK
migration,id_map_legacy_listings,id_map_legacy_listings_published_at_not_null,CHECK
migration,id_map_legacy_listings,id_map_legacy_listings_source_listing_id_not_null,CHECK
migration,id_map_legacy_listings,id_map_legacy_listings_pkey,PRIMARY KEY
migration,id_map_legacy_market_centers,id_map_legacy_market_centers_legacy_market_center_id_not_null,CHECK
migration,id_map_legacy_market_centers,id_map_legacy_market_centers_published_at_not_null,CHECK
migration,id_map_legacy_market_centers,id_map_legacy_market_centers_source_market_center_id_not_null,CHECK
migration,id_map_legacy_market_centers,id_map_legacy_market_centers_pkey,PRIMARY KEY
migration,id_map_listings,id_map_listings_core_listing_id_not_null,CHECK
migration,id_map_listings,id_map_listings_source_listing_id_not_null,CHECK
migration,id_map_listings,id_map_listings_pkey,PRIMARY KEY
migration,id_map_market_centers,id_map_market_centers_core_market_center_id_not_null,CHECK
migration,id_map_market_centers,id_map_market_centers_source_market_center_id_not_null,CHECK
migration,id_map_market_centers,id_map_market_centers_pkey,PRIMARY KEY
migration,id_map_teams,id_map_teams_core_team_id_not_null,CHECK
migration,id_map_teams,id_map_teams_source_team_id_not_null,CHECK
migration,id_map_teams,id_map_teams_pkey,PRIMARY KEY
migration,in_app_notifications,in_app_notifications_associate_id_not_null,CHECK
migration,in_app_notifications,in_app_notifications_category_not_null,CHECK
migration,in_app_notifications,in_app_notifications_created_at_not_null,CHECK
migration,in_app_notifications,in_app_notifications_id_not_null,CHECK
migration,in_app_notifications,in_app_notifications_is_read_not_null,CHECK
migration,in_app_notifications,in_app_notifications_message_not_null,CHECK
migration,in_app_notifications,in_app_notifications_metadata_not_null,CHECK
migration,in_app_notifications,in_app_notifications_notification_type_not_null,CHECK
migration,in_app_notifications,in_app_notifications_title_not_null,CHECK
migration,in_app_notifications,in_app_notifications_updated_at_not_null,CHECK
migration,in_app_notifications,in_app_notifications_associate_id_fkey,FOREIGN KEY
migration,in_app_notifications,in_app_notifications_pkey,PRIMARY KEY
migration,listing_agents,listing_agents_created_at_not_null,CHECK
migration,listing_agents,listing_agents_id_not_null,CHECK
migration,listing_agents,listing_agents_listing_id_not_null,CHECK
migration,listing_agents,listing_agents_updated_at_not_null,CHECK
migration,listing_agents,listing_agents_pkey,PRIMARY KEY
migration,listing_approval_requests,listing_approval_requests_created_at_not_null,CHECK
migration,listing_approval_requests,listing_approval_requests_id_not_null,CHECK
migration,listing_approval_requests,listing_approval_requests_listing_id_not_null,CHECK
migration,listing_approval_requests,listing_approval_requests_status_not_null,CHECK
migration,listing_approval_requests,listing_approval_requests_updated_at_not_null,CHECK
migration,listing_approval_requests,listing_approval_requests_listing_id_fkey,FOREIGN KEY
migration,listing_approval_requests,listing_approval_requests_reviewed_by_associate_id_fkey,FOREIGN KEY
migration,listing_approval_requests,listing_approval_requests_submitted_by_associate_id_fkey,FOREIGN KEY
migration,listing_approval_requests,listing_approval_requests_pkey,PRIMARY KEY
migration,listing_approval_requests,listing_approval_requests_listing_id_key,UNIQUE
migration,listing_contacts,listing_contacts_id_not_null,CHECK
migration,listing_contacts,listing_contacts_listing_id_not_null,CHECK
migration,listing_contacts,listing_contacts_pkey,PRIMARY KEY
migration,listing_features,listing_features_id_not_null,CHECK
migration,listing_features,listing_features_listing_id_not_null,CHECK
migration,listing_features,listing_features_pkey,PRIMARY KEY
migration,listing_images,listing_images_id_not_null,CHECK
migration,listing_images,listing_images_listing_id_not_null,CHECK
migration,listing_images,listing_images_uploaded_at_not_null,CHECK
migration,listing_images,listing_images_pkey,PRIMARY KEY
migration,listing_mandate_documents,listing_mandate_documents_id_not_null,CHECK
migration,listing_mandate_documents,listing_mandate_documents_listing_id_not_null,CHECK
migration,listing_mandate_documents,listing_mandate_documents_uploaded_at_not_null,CHECK
migration,listing_mandate_documents,listing_mandate_documents_pkey,PRIMARY KEY
migration,listing_marketing_urls,listing_marketing_urls_id_not_null,CHECK
migration,listing_marketing_urls,listing_marketing_urls_listing_id_not_null,CHECK
migration,listing_marketing_urls,listing_marketing_urls_pkey,PRIMARY KEY
migration,listing_open_house,listing_open_house_id_not_null,CHECK
migration,listing_open_house,listing_open_house_listing_id_not_null,CHECK
migration,listing_open_house,listing_open_house_pkey,PRIMARY KEY
migration,listing_property_areas,listing_property_areas_id_not_null,CHECK
migration,listing_property_areas,listing_property_areas_listing_id_not_null,CHECK
migration,listing_property_areas,listing_property_areas_pkey,PRIMARY KEY
migration,listing_show_times,listing_show_times_id_not_null,CHECK
migration,listing_show_times,listing_show_times_listing_id_not_null,CHECK
migration,listing_show_times,listing_show_times_pkey,PRIMARY KEY
migration,listing_transfer_log,listing_transfer_log_agent_swapped_not_null,CHECK
migration,listing_transfer_log,listing_transfer_log_id_not_null,CHECK
migration,listing_transfer_log,listing_transfer_log_job_id_not_null,CHECK
migration,listing_transfer_log,listing_transfer_log_listing_id_not_null,CHECK
migration,listing_transfer_log,listing_transfer_log_transferred_at_not_null,CHECK
migration,listing_transfer_log,listing_transfer_log_pkey,PRIMARY KEY
migration,listings_prepared,listings_prepared_prepared_at_not_null,CHECK
migration,listings_prepared,listings_prepared_source_listing_id_not_null,CHECK
migration,listings_prepared,listings_prepared_pkey,PRIMARY KEY
migration,load_rejections,load_rejections_entity_name_not_null,CHECK
migration,load_rejections,load_rejections_id_not_null,CHECK
migration,load_rejections,load_rejections_reason_not_null,CHECK
migration,load_rejections,load_rejections_rejected_at_not_null,CHECK
migration,load_rejections,load_rejections_pkey,PRIMARY KEY
migration,market_center_notes,market_center_notes_created_at_not_null,CHECK
migration,market_center_notes,market_center_notes_id_not_null,CHECK
migration,market_center_notes,market_center_notes_market_center_id_not_null,CHECK
migration,market_center_notes,market_center_notes_note_text_not_null,CHECK
migration,market_center_notes,market_center_notes_market_center_id_fkey,FOREIGN KEY
migration,market_center_notes,market_center_notes_pkey,PRIMARY KEY
migration,market_centers_prepared,market_centers_prepared_prepared_at_not_null,CHECK
migration,market_centers_prepared,market_centers_prepared_source_market_center_id_not_null,CHECK
migration,market_centers_prepared,market_centers_prepared_pkey,PRIMARY KEY
migration,mc_dashboard_daily_snapshots,mc_dashboard_daily_snapshots_mc_source_id_not_null,CHECK
migration,mc_dashboard_daily_snapshots,mc_dashboard_daily_snapshots_payload_not_null,CHECK
migration,mc_dashboard_daily_snapshots,mc_dashboard_daily_snapshots_refreshed_at_not_null,CHECK
migration,mc_dashboard_daily_snapshots,mc_dashboard_daily_snapshots_snapshot_date_not_null,CHECK
migration,mc_dashboard_daily_snapshots,mc_dashboard_daily_snapshots_pkey,PRIMARY KEY
migration,mc_document_hub,mc_document_hub_created_at_not_null,CHECK
migration,mc_document_hub,mc_document_hub_file_url_not_null,CHECK
migration,mc_document_hub,mc_document_hub_id_not_null,CHECK
migration,mc_document_hub,mc_document_hub_mime_type_not_null,CHECK
migration,mc_document_hub,mc_document_hub_original_file_name_not_null,CHECK
migration,mc_document_hub,mc_document_hub_source_market_center_id_not_null,CHECK
migration,mc_document_hub,mc_document_hub_title_not_null,CHECK
migration,mc_document_hub,mc_document_hub_pkey,PRIMARY KEY
migration,outside_agency_contacts,outside_agency_contacts_created_at_not_null,CHECK
migration,outside_agency_contacts,outside_agency_contacts_id_not_null,CHECK
migration,outside_agency_contacts,outside_agency_contacts_updated_at_not_null,CHECK
migration,outside_agency_contacts,outside_agency_contacts_transaction_agent_id_fkey,FOREIGN KEY
migration,outside_agency_contacts,outside_agency_contacts_transaction_id_fkey,FOREIGN KEY
migration,outside_agency_contacts,outside_agency_contacts_pkey,PRIMARY KEY
migration,team_associate_commissions,team_associate_commissions_created_at_not_null,CHECK
migration,team_associate_commissions,team_associate_commissions_has_individual_cap_not_null,CHECK
migration,team_associate_commissions,team_associate_commissions_id_not_null,CHECK
migration,team_associate_commissions,team_associate_commissions_team_id_not_null,CHECK
migration,team_associate_commissions,team_associate_commissions_updated_at_not_null,CHECK
migration,team_associate_commissions,team_associate_commissions_team_id_fkey,FOREIGN KEY
migration,team_associate_commissions,team_associate_commissions_pkey,PRIMARY KEY
migration,team_associate_commissions,team_associate_commissions_team_id_key,UNIQUE
migration,team_cap_history,team_cap_history_created_at_not_null,CHECK
migration,team_cap_history,team_cap_history_id_not_null,CHECK
migration,team_cap_history,team_cap_history_manual_cap_not_null,CHECK
migration,team_cap_history,team_cap_history_team_id_not_null,CHECK
migration,team_cap_history,team_cap_history_team_id_fkey,FOREIGN KEY
migration,team_cap_history,team_cap_history_pkey,PRIMARY KEY
migration,team_caps,team_caps_created_at_not_null,CHECK
migration,team_caps,team_caps_id_not_null,CHECK
migration,team_caps,team_caps_manual_cap_not_null,CHECK
migration,team_caps,team_caps_team_id_not_null,CHECK
migration,team_caps,team_caps_updated_at_not_null,CHECK
migration,team_caps,team_caps_team_id_fkey,FOREIGN KEY
migration,team_caps,team_caps_pkey,PRIMARY KEY
migration,team_caps,team_caps_team_id_cap_year_key,UNIQUE
migration,team_dates,team_dates_created_at_not_null,CHECK
migration,team_dates,team_dates_id_not_null,CHECK
migration,team_dates,team_dates_team_id_not_null,CHECK
migration,team_dates,team_dates_updated_at_not_null,CHECK
migration,team_dates,team_dates_team_id_fkey,FOREIGN KEY
migration,team_dates,team_dates_pkey,PRIMARY KEY
migration,team_dates,team_dates_team_id_key,UNIQUE
migration,team_notes,team_notes_created_at_not_null,CHECK
migration,team_notes,team_notes_created_by_not_null,CHECK
migration,team_notes,team_notes_id_not_null,CHECK
migration,team_notes,team_notes_note_text_not_null,CHECK
migration,team_notes,team_notes_note_type_not_null,CHECK
migration,team_notes,team_notes_team_id_not_null,CHECK
migration,team_notes,team_notes_team_id_fkey,FOREIGN KEY
migration,team_notes,team_notes_pkey,PRIMARY KEY
migration,team_portal_settings,team_portal_settings_created_at_not_null,CHECK
migration,team_portal_settings,team_portal_settings_entegral_portals_not_null,CHECK
migration,team_portal_settings,team_portal_settings_feed_to_entegral_not_null,CHECK
migration,team_portal_settings,team_portal_settings_feed_to_p24_not_null,CHECK
migration,team_portal_settings,team_portal_settings_id_not_null,CHECK
migration,team_portal_settings,team_portal_settings_p24_auction_approved_not_null,CHECK
migration,team_portal_settings,team_portal_settings_team_id_not_null,CHECK
migration,team_portal_settings,team_portal_settings_updated_at_not_null,CHECK
migration,team_portal_settings,team_portal_settings_use_mc_account_entegral_not_null,CHECK
migration,team_portal_settings,team_portal_settings_use_mc_account_p24_not_null,CHECK
migration,team_portal_settings,team_portal_settings_team_id_fkey,FOREIGN KEY
migration,team_portal_settings,team_portal_settings_pkey,PRIMARY KEY
migration,team_portal_settings,team_portal_settings_team_id_key,UNIQUE
migration,teams_prepared,teams_prepared_prepared_at_not_null,CHECK
migration,teams_prepared,teams_prepared_source_team_id_not_null,CHECK
migration,teams_prepared,teams_prepared_pkey,PRIMARY KEY
migration,transaction_agent_calculations,transaction_agent_calculations_associate_split_pct_not_null,CHECK
migration,transaction_agent_calculations,transaction_agent_calculations_cap_contribution_not_null,CHECK
migration,transaction_agent_calculations,transaction_agent_calculations_created_at_not_null,CHECK
migration,transaction_agent_calculations,transaction_agent_calculations_id_not_null,CHECK
migration,transaction_agent_calculations,transaction_agent_calculations_market_center_split_pct_not_null,CHECK
migration,transaction_agent_calculations,transaction_agent_calculations_sales_value_component_not_null,CHECK
migration,transaction_agent_calculations,transaction_agent_calculations_updated_at_not_null,CHECK
migration,transaction_agent_calculations,transaction_agent_calculations_pkey,PRIMARY KEY
migration,transaction_agents,transaction_agents_created_at_not_null,CHECK
migration,transaction_agents,transaction_agents_id_not_null,CHECK
migration,transaction_agents,transaction_agents_transaction_id_not_null,CHECK
migration,transaction_agents,transaction_agents_updated_at_not_null,CHECK
migration,transaction_agents,transaction_agents_pkey,PRIMARY KEY
migration,transaction_documents,transaction_documents_created_at_not_null,CHECK
migration,transaction_documents,transaction_documents_id_not_null,CHECK
migration,transaction_documents,transaction_documents_transaction_id_not_null,CHECK
migration,transaction_documents,transaction_documents_updated_at_not_null,CHECK
migration,transaction_documents,transaction_documents_transaction_id_fkey,FOREIGN KEY
migration,transaction_documents,transaction_documents_pkey,PRIMARY KEY
migration,transaction_status_history,transaction_status_history_changed_at_not_null,CHECK
migration,transaction_status_history,transaction_status_history_id_not_null,CHECK
migration,transaction_status_history,transaction_status_history_new_status_not_null,CHECK
migration,transaction_status_history,transaction_status_history_transaction_id_not_null,CHECK
migration,transaction_status_history,transaction_status_history_transaction_id_fkey,FOREIGN KEY
migration,transaction_status_history,transaction_status_history_pkey,PRIMARY KEY
migration,transactions_prepared,transactions_prepared_prepared_at_not_null,CHECK
migration,transactions_prepared,transactions_prepared_source_associate_id_not_null,CHECK
migration,transactions_prepared,transactions_prepared_source_transaction_id_not_null,CHECK
migration,transactions_prepared,transactions_prepared_pkey,PRIMARY KEY
public,SoftDeleteHelper,SoftDeleteHelper_id_not_null,CHECK
public,SoftDeleteHelper,SoftDeleteHelper_pkey,PRIMARY KEY
public,addresses,addresses_cityId_not_null,CHECK
public,addresses,addresses_countryId_not_null,CHECK
public,addresses,addresses_createdAt_not_null,CHECK
public,addresses,addresses_id_not_null,CHECK
public,addresses,addresses_provinceId_not_null,CHECK
public,addresses,addresses_suburbId_not_null,CHECK
public,addresses,addresses_updatedAt_not_null,CHECK
public,addresses,addresses_cityId_fkey,FOREIGN KEY
public,addresses,addresses_countryId_fkey,FOREIGN KEY
public,addresses,addresses_provinceId_fkey,FOREIGN KEY
public,addresses,addresses_suburbId_fkey,FOREIGN KEY
public,addresses,addresses_pkey,PRIMARY KEY
public,app_users,app_users_created_at_not_null,CHECK
public,app_users,app_users_email_not_null,CHECK
public,app_users,app_users_google_id_not_null,CHECK
public,app_users,app_users_id_not_null,CHECK
public,app_users,app_users_is_active_not_null,CHECK
public,app_users,app_users_name_not_null,CHECK
public,app_users,app_users_role_not_null,CHECK
public,app_users,app_users_updated_at_not_null,CHECK
public,app_users,app_users_pkey,PRIMARY KEY
public,app_users,app_users_email_key,UNIQUE
public,app_users,app_users_google_id_key,UNIQUE
public,associate_business_details,associate_business_details_associateId_not_null,CHECK
public,associate_business_details,associate_business_details_createdAt_not_null,CHECK
public,associate_business_details,associate_business_details_excludeFromIndividualReport_not_null,CHECK
public,associate_business_details,associate_business_details_id_not_null,CHECK
public,associate_business_details,associate_business_details_listingApprovalRequired_not_null,CHECK
public,associate_business_details,associate_business_details_temporaryGrowthShareSponsor_not_null,CHECK
public,associate_business_details,associate_business_details_updatedAt_not_null,CHECK
public,associate_business_details,associate_business_details_vested_not_null,CHECK
public,associate_business_details,associate_business_details_associateId_fkey,FOREIGN KEY
public,associate_business_details,associate_business_details_growthShareSponsorId_fkey,FOREIGN KEY
public,associate_business_details,associate_business_details_pkey,PRIMARY KEY
public,associate_contact_details,associate_contact_details_associateId_not_null,CHECK
public,associate_contact_details,associate_contact_details_createdAt_not_null,CHECK
public,associate_contact_details,associate_contact_details_id_not_null,CHECK
public,associate_contact_details,associate_contact_details_updatedAt_not_null,CHECK
public,associate_contact_details,associate_contact_details_associateId_fkey,FOREIGN KEY
public,associate_contact_details,associate_contact_details_pkey,PRIMARY KEY
public,associate_statuses,associate_statuses_id_not_null,CHECK
public,associate_statuses,associate_statuses_name_not_null,CHECK
public,associate_statuses,associate_statuses_pkey,PRIMARY KEY
public,associate_third_party_integrations,associate_third_party_integrations_associateId_not_null,CHECK
public,associate_third_party_integrations,associate_third_party_integrations_createdAt_not_null,CHECK
public,associate_third_party_integrations,associate_third_party_integrations_id_not_null,CHECK
public,associate_third_party_integrations,associate_third_party_integrations_updatedAt_not_null,CHECK
public,associate_third_party_integrations,associate_third_party_integrations_associateId_fkey,FOREIGN KEY
public,associate_third_party_integrations,associate_third_party_integrations_pkey,PRIMARY KEY
public,associate_transfer_statuses,associate_transfer_statuses_id_not_null,CHECK
public,associate_transfer_statuses,associate_transfer_statuses_name_not_null,CHECK
public,associate_transfer_statuses,associate_transfer_statuses_pkey,PRIMARY KEY
public,associate_transfers,associate_transfers_associateId_not_null,CHECK
public,associate_transfers,associate_transfers_associateTransactionMove_not_null,CHECK
public,associate_transfers,associate_transfers_createdAt_not_null,CHECK
public,associate_transfers,associate_transfers_id_not_null,CHECK
public,associate_transfers,associate_transfers_marketCenterFromId_not_null,CHECK
public,associate_transfers,associate_transfers_marketCenterToId_not_null,CHECK
public,associate_transfers,associate_transfers_transferStatusId_not_null,CHECK
public,associate_transfers,associate_transfers_updatedAt_not_null,CHECK
public,associate_transfers,associate_transfers_associateId_fkey,FOREIGN KEY
public,associate_transfers,associate_transfers_transferStatusId_fkey,FOREIGN KEY
public,associate_transfers,associate_transfers_pkey,PRIMARY KEY
public,associates,associates_createdAt_not_null,CHECK
public,associates,associates_firstName_not_null,CHECK
public,associates,associates_id_not_null,CHECK
public,associates,associates_lastName_not_null,CHECK
public,associates,associates_marketCenterId_not_null,CHECK
public,associates,associates_statusId_not_null,CHECK
public,associates,associates_updatedAt_not_null,CHECK
public,associates,associates_marketCenterId_fkey,FOREIGN KEY
public,associates,associates_statusId_fkey,FOREIGN KEY
public,associates,associates_teamId_fkey,FOREIGN KEY
public,associates,associates_userId_fkey,FOREIGN KEY
public,associates,associates_pkey,PRIMARY KEY
public,audit_logs,audit_logs_action_not_null,CHECK
public,audit_logs,audit_logs_createdAt_not_null,CHECK
public,audit_logs,audit_logs_entityId_not_null,CHECK
public,audit_logs,audit_logs_entity_not_null,CHECK
public,audit_logs,audit_logs_id_not_null,CHECK
public,audit_logs,audit_logs_pkey,PRIMARY KEY
public,cities,cities_createdAt_not_null,CHECK
public,cities,cities_id_not_null,CHECK
public,cities,cities_name_not_null,CHECK
public,cities,cities_provinceId_not_null,CHECK
public,cities,cities_updatedAt_not_null,CHECK
public,cities,cities_provinceId_fkey,FOREIGN KEY
public,cities,cities_pkey,PRIMARY KEY
public,cma_documents,cma_documents_associate_email_not_null,CHECK
public,cma_documents,cma_documents_created_at_not_null,CHECK
public,cma_documents,cma_documents_file_name_not_null,CHECK
public,cma_documents,cma_documents_file_url_not_null,CHECK
public,cma_documents,cma_documents_id_not_null,CHECK
public,cma_documents,cma_documents_pkey,PRIMARY KEY
public,contacts,contacts_createdAt_not_null,CHECK
public,contacts,contacts_id_not_null,CHECK
public,contacts,contacts_name_not_null,CHECK
public,contacts,contacts_updatedAt_not_null,CHECK
public,contacts,contacts_pkey,PRIMARY KEY
public,countries,countries_createdAt_not_null,CHECK
public,countries,countries_id_not_null,CHECK
public,countries,countries_name_not_null,CHECK
public,countries,countries_updatedAt_not_null,CHECK
public,countries,countries_pkey,PRIMARY KEY
public,documents,documents_contentType_not_null,CHECK
public,documents,documents_createdAt_not_null,CHECK
public,documents,documents_id_not_null,CHECK
public,documents,documents_orderNumber_not_null,CHECK
public,documents,documents_size_not_null,CHECK
public,documents,documents_url_not_null,CHECK
public,documents,documents_pkey,PRIMARY KEY
public,email_types,email_types_id_not_null,CHECK
public,email_types,email_types_name_not_null,CHECK
public,email_types,email_types_pkey,PRIMARY KEY
public,icon_types,icon_types_id_not_null,CHECK
public,icon_types,icon_types_name_not_null,CHECK
public,icon_types,icon_types_pkey,PRIMARY KEY
public,listing_associate_types,listing_associate_types_id_not_null,CHECK
public,listing_associate_types,listing_associate_types_name_not_null,CHECK
public,listing_associate_types,listing_associate_types_pkey,PRIMARY KEY
public,listing_associates,listing_associates_associateId_not_null,CHECK
public,listing_associates,listing_associates_createdAt_not_null,CHECK
public,listing_associates,listing_associates_id_not_null,CHECK
public,listing_associates,listing_associates_isPrimary_not_null,CHECK
public,listing_associates,listing_associates_listingId_not_null,CHECK
public,listing_associates,listing_associates_associateId_fkey,FOREIGN KEY
public,listing_associates,listing_associates_listingId_fkey,FOREIGN KEY
public,listing_associates,listing_associates_pkey,PRIMARY KEY
public,listing_building_area_feature_types,listing_building_area_feature_types_id_not_null,CHECK
public,listing_building_area_feature_types,listing_building_area_feature_types_name_not_null,CHECK
public,listing_building_area_feature_types,listing_building_area_feature_types_pkey,PRIMARY KEY
public,listing_building_area_features,listing_building_area_features_buildingInfoId_not_null,CHECK
public,listing_building_area_features,listing_building_area_features_createdAt_not_null,CHECK
public,listing_building_area_features,listing_building_area_features_featureId_not_null,CHECK
public,listing_building_area_features,listing_building_area_features_id_not_null,CHECK
public,listing_building_area_features,listing_building_area_features_buildingInfoId_fkey,FOREIGN KEY
public,listing_building_area_features,listing_building_area_features_featureId_fkey,FOREIGN KEY
public,listing_building_area_features,listing_building_area_features_pkey,PRIMARY KEY
public,listing_building_infos,listing_building_infos_createdAt_not_null,CHECK
public,listing_building_infos,listing_building_infos_id_not_null,CHECK
public,listing_building_infos,listing_building_infos_listingId_not_null,CHECK
public,listing_building_infos,listing_building_infos_updatedAt_not_null,CHECK
public,listing_building_infos,listing_building_infos_listingId_fkey,FOREIGN KEY
public,listing_building_infos,listing_building_infos_pkey,PRIMARY KEY
public,listing_building_zoning_types,listing_building_zoning_types_id_not_null,CHECK
public,listing_building_zoning_types,listing_building_zoning_types_name_not_null,CHECK
public,listing_building_zoning_types,listing_building_zoning_types_pkey,PRIMARY KEY
public,listing_descriptions,listing_descriptions_createdAt_not_null,CHECK
public,listing_descriptions,listing_descriptions_id_not_null,CHECK
public,listing_descriptions,listing_descriptions_listingId_not_null,CHECK
public,listing_descriptions,listing_descriptions_listingTypeId_not_null,CHECK
public,listing_descriptions,listing_descriptions_updatedAt_not_null,CHECK
public,listing_descriptions,listing_descriptions_listingId_fkey,FOREIGN KEY
public,listing_descriptions,listing_descriptions_listingTypeId_fkey,FOREIGN KEY
public,listing_descriptions,listing_descriptions_pkey,PRIMARY KEY
public,listing_document_types,listing_document_types_id_not_null,CHECK
public,listing_document_types,listing_document_types_name_not_null,CHECK
public,listing_document_types,listing_document_types_pkey,PRIMARY KEY
public,listing_images,listing_images_createdAt_not_null,CHECK
public,listing_images,listing_images_documentId_not_null,CHECK
public,listing_images,listing_images_id_not_null,CHECK
public,listing_images,listing_images_listingId_not_null,CHECK
public,listing_images,listing_images_orderNumber_not_null,CHECK
public,listing_images,listing_images_documentId_fkey,FOREIGN KEY
public,listing_images,listing_images_listingId_fkey,FOREIGN KEY
public,listing_images,listing_images_pkey,PRIMARY KEY
public,listing_lightstone_validation_statuses,listing_lightstone_validation_statuses_id_not_null,CHECK
public,listing_lightstone_validation_statuses,listing_lightstone_validation_statuses_name_not_null,CHECK
public,listing_lightstone_validation_statuses,listing_lightstone_validation_statuses_pkey,PRIMARY KEY
public,listing_lightstone_validations,listing_lightstone_validations_createdAt_not_null,CHECK
public,listing_lightstone_validations,listing_lightstone_validations_id_not_null,CHECK
public,listing_lightstone_validations,listing_lightstone_validations_listingId_not_null,CHECK
public,listing_lightstone_validations,listing_lightstone_validations_updatedAt_not_null,CHECK
public,listing_lightstone_validations,listing_lightstone_validations_listingId_fkey,FOREIGN KEY
public,listing_lightstone_validations,listing_lightstone_validations_pkey,PRIMARY KEY
public,listing_loom_validation_statuses,listing_loom_validation_statuses_id_not_null,CHECK
public,listing_loom_validation_statuses,listing_loom_validation_statuses_name_not_null,CHECK
public,listing_loom_validation_statuses,listing_loom_validation_statuses_pkey,PRIMARY KEY
public,listing_mandate_infos,listing_mandate_infos_createdAt_not_null,CHECK
public,listing_mandate_infos,listing_mandate_infos_id_not_null,CHECK
public,listing_mandate_infos,listing_mandate_infos_listingId_not_null,CHECK
public,listing_mandate_infos,listing_mandate_infos_mandateTypeId_not_null,CHECK
public,listing_mandate_infos,listing_mandate_infos_updatedAt_not_null,CHECK
public,listing_mandate_infos,listing_mandate_infos_listingId_fkey,FOREIGN KEY
public,listing_mandate_infos,listing_mandate_infos_mandateTypeId_fkey,FOREIGN KEY
public,listing_mandate_infos,listing_mandate_infos_pkey,PRIMARY KEY
public,listing_mandate_types,listing_mandate_types_id_not_null,CHECK
public,listing_mandate_types,listing_mandate_types_name_not_null,CHECK
public,listing_mandate_types,listing_mandate_types_pkey,PRIMARY KEY
public,listing_marketing_url_types,listing_marketing_url_types_id_not_null,CHECK
public,listing_marketing_url_types,listing_marketing_url_types_name_not_null,CHECK
public,listing_marketing_url_types,listing_marketing_url_types_pkey,PRIMARY KEY
public,listing_marketing_urls,listing_marketing_urls_createdAt_not_null,CHECK
public,listing_marketing_urls,listing_marketing_urls_id_not_null,CHECK
public,listing_marketing_urls,listing_marketing_urls_listingId_not_null,CHECK
public,listing_marketing_urls,listing_marketing_urls_marketingUrlTypeId_not_null,CHECK
public,listing_marketing_urls,listing_marketing_urls_url_not_null,CHECK
public,listing_marketing_urls,listing_marketing_urls_listingId_fkey,FOREIGN KEY
public,listing_marketing_urls,listing_marketing_urls_marketingUrlTypeId_fkey,FOREIGN KEY
public,listing_marketing_urls,listing_marketing_urls_pkey,PRIMARY KEY
public,listing_ownership_types,listing_ownership_types_id_not_null,CHECK
public,listing_ownership_types,listing_ownership_types_name_not_null,CHECK
public,listing_ownership_types,listing_ownership_types_pkey,PRIMARY KEY
public,listing_p24_feed_item_statuses,listing_p24_feed_item_statuses_id_not_null,CHECK
public,listing_p24_feed_item_statuses,listing_p24_feed_item_statuses_name_not_null,CHECK
public,listing_p24_feed_item_statuses,listing_p24_feed_item_statuses_pkey,PRIMARY KEY
public,listing_p24_feed_items,listing_p24_feed_items_createdAt_not_null,CHECK
public,listing_p24_feed_items,listing_p24_feed_items_id_not_null,CHECK
public,listing_p24_feed_items,listing_p24_feed_items_listingId_not_null,CHECK
public,listing_p24_feed_items,listing_p24_feed_items_statusId_not_null,CHECK
public,listing_p24_feed_items,listing_p24_feed_items_updatedAt_not_null,CHECK
public,listing_p24_feed_items,listing_p24_feed_items_listingId_fkey,FOREIGN KEY
public,listing_p24_feed_items,listing_p24_feed_items_statusId_fkey,FOREIGN KEY
public,listing_p24_feed_items,listing_p24_feed_items_pkey,PRIMARY KEY
public,listing_price_details,listing_price_details_createdAt_not_null,CHECK
public,listing_price_details,listing_price_details_id_not_null,CHECK
public,listing_price_details,listing_price_details_ignoreForPriceReducedAlerts_not_null,CHECK
public,listing_price_details,listing_price_details_listingId_not_null,CHECK
public,listing_price_details,listing_price_details_noTransferDuty_not_null,CHECK
public,listing_price_details,listing_price_details_poa_not_null,CHECK
public,listing_price_details,listing_price_details_price_not_null,CHECK
public,listing_price_details,listing_price_details_repossessed_not_null,CHECK
public,listing_price_details,listing_price_details_updatedAt_not_null,CHECK
public,listing_price_details,listing_price_details_listingId_fkey,FOREIGN KEY
public,listing_price_details,listing_price_details_pkey,PRIMARY KEY
public,listing_property_area_types,listing_property_area_types_id_not_null,CHECK
public,listing_property_area_types,listing_property_area_types_name_not_null,CHECK
public,listing_property_area_types,listing_property_area_types_pkey,PRIMARY KEY
public,listing_property_areas,listing_property_areas_createdAt_not_null,CHECK
public,listing_property_areas,listing_property_areas_id_not_null,CHECK
public,listing_property_areas,listing_property_areas_listingId_not_null,CHECK
public,listing_property_areas,listing_property_areas_propertyAreaTypeId_not_null,CHECK
public,listing_property_areas,listing_property_areas_listingId_fkey,FOREIGN KEY
public,listing_property_areas,listing_property_areas_propertyAreaTypeId_fkey,FOREIGN KEY
public,listing_property_areas,listing_property_areas_pkey,PRIMARY KEY
public,listing_property_feature_listing_sub_types,listing_property_feature_lis_listingPropertyFeaturesId_not_null,CHECK
public,listing_property_feature_listing_sub_types,listing_property_feature_listing_sub_listingSubTypesId_not_null,CHECK
public,listing_property_feature_listing_sub_types,listing_property_feature_listing_sub_types_pkey,PRIMARY KEY
public,listing_property_feature_listing_types,listing_property_feature_li_listingPropertyFeaturesId_not_null1,CHECK
public,listing_property_feature_listing_types,listing_property_feature_listing_types_listingTypesId_not_null,CHECK
public,listing_property_feature_listing_types,listing_property_feature_listing_types_pkey,PRIMARY KEY
public,listing_sale_or_rent_types,listing_sale_or_rent_types_id_not_null,CHECK
public,listing_sale_or_rent_types,listing_sale_or_rent_types_name_not_null,CHECK
public,listing_sale_or_rent_types,listing_sale_or_rent_types_pkey,PRIMARY KEY
public,listing_status_tags,listing_status_tags_id_not_null,CHECK
public,listing_status_tags,listing_status_tags_name_not_null,CHECK
public,listing_status_tags,listing_status_tags_pkey,PRIMARY KEY
public,listing_statuses,listing_statuses_id_not_null,CHECK
public,listing_statuses,listing_statuses_name_not_null,CHECK
public,listing_statuses,listing_statuses_pkey,PRIMARY KEY
public,listing_sub_types,listing_sub_types_id_not_null,CHECK
public,listing_sub_types,listing_sub_types_name_not_null,CHECK
public,listing_sub_types,listing_sub_types_pkey,PRIMARY KEY
public,listing_third_party_integrations,listing_third_party_integrations_createdAt_not_null,CHECK
public,listing_third_party_integrations,listing_third_party_integrations_id_not_null,CHECK
public,listing_third_party_integrations,listing_third_party_integrations_listingId_not_null,CHECK
public,listing_third_party_integrations,listing_third_party_integrations_updatedAt_not_null,CHECK
public,listing_third_party_integrations,listing_third_party_integrations_listingId_fkey,FOREIGN KEY
public,listing_third_party_integrations,listing_third_party_integrations_pkey,PRIMARY KEY
public,listing_types,listing_types_id_not_null,CHECK
public,listing_types,listing_types_name_not_null,CHECK
public,listing_types,listing_types_pkey,PRIMARY KEY
public,listings,listings_addressId_not_null,CHECK
public,listings,listings_createdAt_not_null,CHECK
public,listings,listings_id_not_null,CHECK
public,listings,listings_listingNumber_not_null,CHECK
public,listings,listings_mandateTypeId_not_null,CHECK
public,listings,listings_marketCenterId_not_null,CHECK
public,listings,listings_saleOrRentTypeId_not_null,CHECK
public,listings,listings_statusId_not_null,CHECK
public,listings,listings_updatedAt_not_null,CHECK
public,listings,listings_addressId_fkey,FOREIGN KEY
public,listings,listings_marketCenterId_fkey,FOREIGN KEY
public,listings,listings_saleOrRentTypeId_fkey,FOREIGN KEY
public,listings,listings_statusId_fkey,FOREIGN KEY
public,listings,listings_statusTagId_fkey,FOREIGN KEY
public,listings,listings_pkey,PRIMARY KEY
public,loom_user_tokens,loom_user_tokens_access_enc_not_null,CHECK
public,loom_user_tokens,loom_user_tokens_consent_accepted_not_null,CHECK
public,loom_user_tokens,loom_user_tokens_created_at_not_null,CHECK
public,loom_user_tokens,loom_user_tokens_id_not_null,CHECK
public,loom_user_tokens,loom_user_tokens_updated_at_not_null,CHECK
public,loom_user_tokens,loom_user_tokens_user_email_not_null,CHECK
public,loom_user_tokens,loom_user_tokens_pkey,PRIMARY KEY
public,loom_user_tokens,loom_user_tokens_user_email_key,UNIQUE
public,market_center_statuses,market_center_statuses_id_not_null,CHECK
public,market_center_statuses,market_center_statuses_name_not_null,CHECK
public,market_center_statuses,market_center_statuses_pkey,PRIMARY KEY
public,market_centers,market_centers_addressId_not_null,CHECK
public,market_centers,market_centers_createdAt_not_null,CHECK
public,market_centers,market_centers_id_not_null,CHECK
public,market_centers,market_centers_name_not_null,CHECK
public,market_centers,market_centers_statusId_not_null,CHECK
public,market_centers,market_centers_updatedAt_not_null,CHECK
public,market_centers,market_centers_addressId_fkey,FOREIGN KEY
public,market_centers,market_centers_statusId_fkey,FOREIGN KEY
public,market_centers,market_centers_pkey,PRIMARY KEY
public,marketing_plan_documents,marketing_plan_documents_associate_email_not_null,CHECK
public,marketing_plan_documents,marketing_plan_documents_created_at_not_null,CHECK
public,marketing_plan_documents,marketing_plan_documents_file_name_not_null,CHECK
public,marketing_plan_documents,marketing_plan_documents_file_url_not_null,CHECK
public,marketing_plan_documents,marketing_plan_documents_id_not_null,CHECK
public,marketing_plan_documents,marketing_plan_documents_pkey,PRIMARY KEY
public,provinces,provinces_countryId_not_null,CHECK
public,provinces,provinces_createdAt_not_null,CHECK
public,provinces,provinces_id_not_null,CHECK
public,provinces,provinces_name_not_null,CHECK
public,provinces,provinces_updatedAt_not_null,CHECK
public,provinces,provinces_countryId_fkey,FOREIGN KEY
public,provinces,provinces_pkey,PRIMARY KEY
public,public_leads,public_leads_created_at_not_null,CHECK
public,public_leads,public_leads_display_context_id_not_null,CHECK
public,public_leads,public_leads_display_context_type_not_null,CHECK
public,public_leads,public_leads_id_not_null,CHECK
public,public_leads,public_leads_internal_listing_agent_id_not_null,CHECK
public,public_leads,public_leads_lead_email_not_null,CHECK
public,public_leads,public_leads_lead_name_not_null,CHECK
public,public_leads,public_leads_lead_phone_not_null,CHECK
public,public_leads,public_leads_listing_id_not_null,CHECK
public,public_leads,public_leads_message_not_null,CHECK
public,public_leads,public_leads_page_url_not_null,CHECK
public,public_leads,public_leads_public_display_contact_id_not_null,CHECK
public,public_leads,public_leads_pkey,PRIMARY KEY
public,referral_statuses,referral_statuses_id_not_null,CHECK
public,referral_statuses,referral_statuses_name_not_null,CHECK
public,referral_statuses,referral_statuses_pkey,PRIMARY KEY
public,referral_types,referral_types_id_not_null,CHECK
public,referral_types,referral_types_name_not_null,CHECK
public,referral_types,referral_types_pkey,PRIMARY KEY
public,roles,roles_createdAt_not_null,CHECK
public,roles,roles_id_not_null,CHECK
public,roles,roles_name_not_null,CHECK
public,roles,roles_pkey,PRIMARY KEY
public,suburbs,suburbs_cityId_not_null,CHECK
public,suburbs,suburbs_createdAt_not_null,CHECK
public,suburbs,suburbs_id_not_null,CHECK
public,suburbs,suburbs_name_not_null,CHECK
public,suburbs,suburbs_updatedAt_not_null,CHECK
public,suburbs,suburbs_cityId_fkey,FOREIGN KEY
public,suburbs,suburbs_pkey,PRIMARY KEY
public,team_statuses,team_statuses_id_not_null,CHECK
public,team_statuses,team_statuses_name_not_null,CHECK
public,team_statuses,team_statuses_pkey,PRIMARY KEY
public,teams,teams_createdAt_not_null,CHECK
public,teams,teams_id_not_null,CHECK
public,teams,teams_marketCenterId_not_null,CHECK
public,teams,teams_name_not_null,CHECK
public,teams,teams_statusId_not_null,CHECK
public,teams,teams_updatedAt_not_null,CHECK
public,teams,teams_marketCenterId_fkey,FOREIGN KEY
public,teams,teams_statusId_fkey,FOREIGN KEY
public,teams,teams_pkey,PRIMARY KEY
public,transaction_associate_payment_details,transaction_associate_payment_d_transactionAssociateId_not_null,CHECK
public,transaction_associate_payment_details,transaction_associate_payment_details_createdAt_not_null,CHECK
public,transaction_associate_payment_details,transaction_associate_payment_details_id_not_null,CHECK
public,transaction_associate_payment_details,transaction_associate_payment_details_updatedAt_not_null,CHECK
public,transaction_associate_payment_details,transaction_associate_payment_details_transactionAssociate_fkey,FOREIGN KEY
public,transaction_associate_payment_details,transaction_associate_payment_details_pkey,PRIMARY KEY
public,transaction_associate_types,transaction_associate_types_id_not_null,CHECK
public,transaction_associate_types,transaction_associate_types_name_not_null,CHECK
public,transaction_associate_types,transaction_associate_types_pkey,PRIMARY KEY
public,transaction_associates,transaction_associates_associateId_not_null,CHECK
public,transaction_associates,transaction_associates_createdAt_not_null,CHECK
public,transaction_associates,transaction_associates_id_not_null,CHECK
public,transaction_associates,transaction_associates_softDelete_not_null,CHECK
public,transaction_associates,transaction_associates_splitPercentage_not_null,CHECK
public,transaction_associates,transaction_associates_transactionAssociateTypeId_not_null,CHECK
public,transaction_associates,transaction_associates_transactionId_not_null,CHECK
public,transaction_associates,transaction_associates_updatedAt_not_null,CHECK
public,transaction_associates,transaction_associates_associateId_fkey,FOREIGN KEY
public,transaction_associates,transaction_associates_contactId_fkey,FOREIGN KEY
public,transaction_associates,transaction_associates_transactionAssociateTypeId_fkey,FOREIGN KEY
public,transaction_associates,transaction_associates_transactionId_fkey,FOREIGN KEY
public,transaction_associates,transaction_associates_pkey,PRIMARY KEY
public,transaction_bonds,transaction_bonds_createdAt_not_null,CHECK
public,transaction_bonds,transaction_bonds_id_not_null,CHECK
public,transaction_bonds,transaction_bonds_transactionId_not_null,CHECK
public,transaction_bonds,transaction_bonds_updatedAt_not_null,CHECK
public,transaction_bonds,transaction_bonds_bondAttorneyId_fkey,FOREIGN KEY
public,transaction_bonds,transaction_bonds_transactionFinancialInstitutionId_fkey,FOREIGN KEY
public,transaction_bonds,transaction_bonds_transactionFinancingChannelId_fkey,FOREIGN KEY
public,transaction_bonds,transaction_bonds_transactionFinancingTypeId_fkey,FOREIGN KEY
public,transaction_bonds,transaction_bonds_transactionId_fkey,FOREIGN KEY
public,transaction_bonds,transaction_bonds_transferAttorneyId_fkey,FOREIGN KEY
public,transaction_bonds,transaction_bonds_pkey,PRIMARY KEY
public,transaction_contact_types,transaction_contact_types_id_not_null,CHECK
public,transaction_contact_types,transaction_contact_types_name_not_null,CHECK
public,transaction_contact_types,transaction_contact_types_pkey,PRIMARY KEY
public,transaction_contacts,transaction_contacts_contactId_not_null,CHECK
public,transaction_contacts,transaction_contacts_createdAt_not_null,CHECK
public,transaction_contacts,transaction_contacts_id_not_null,CHECK
public,transaction_contacts,transaction_contacts_transactionContactTypeId_not_null,CHECK
public,transaction_contacts,transaction_contacts_transactionId_not_null,CHECK
public,transaction_contacts,transaction_contacts_contactId_fkey,FOREIGN KEY
public,transaction_contacts,transaction_contacts_transactionContactTypeId_fkey,FOREIGN KEY
public,transaction_contacts,transaction_contacts_transactionId_fkey,FOREIGN KEY
public,transaction_contacts,transaction_contacts_pkey,PRIMARY KEY
public,transaction_descriptions,transaction_descriptions_contractGCIExclVAT_not_null,CHECK
public,transaction_descriptions,transaction_descriptions_createdAt_not_null,CHECK
public,transaction_descriptions,transaction_descriptions_id_not_null,CHECK
public,transaction_descriptions,transaction_descriptions_soldPrice_not_null,CHECK
public,transaction_descriptions,transaction_descriptions_transactionId_not_null,CHECK
public,transaction_descriptions,transaction_descriptions_updatedAt_not_null,CHECK
public,transaction_descriptions,transaction_descriptions_transactionId_fkey,FOREIGN KEY
public,transaction_descriptions,transaction_descriptions_pkey,PRIMARY KEY
public,transaction_documents,transaction_documents_createdAt_not_null,CHECK
public,transaction_documents,transaction_documents_documentId_not_null,CHECK
public,transaction_documents,transaction_documents_id_not_null,CHECK
public,transaction_documents,transaction_documents_transactionId_not_null,CHECK
public,transaction_documents,transaction_documents_documentId_fkey,FOREIGN KEY
public,transaction_documents,transaction_documents_transactionId_fkey,FOREIGN KEY
public,transaction_documents,transaction_documents_pkey,PRIMARY KEY
public,transaction_financial_institutions,transaction_financial_institutions_createdAt_not_null,CHECK
public,transaction_financial_institutions,transaction_financial_institutions_id_not_null,CHECK
public,transaction_financial_institutions,transaction_financial_institutions_name_not_null,CHECK
public,transaction_financial_institutions,transaction_financial_institutions_updatedAt_not_null,CHECK
public,transaction_financial_institutions,transaction_financial_institutions_pkey,PRIMARY KEY
public,transaction_financing_channels,transaction_financing_channels_id_not_null,CHECK
public,transaction_financing_channels,transaction_financing_channels_name_not_null,CHECK
public,transaction_financing_channels,transaction_financing_channels_pkey,PRIMARY KEY
public,transaction_financing_types,transaction_financing_types_id_not_null,CHECK
public,transaction_financing_types,transaction_financing_types_name_not_null,CHECK
public,transaction_financing_types,transaction_financing_types_pkey,PRIMARY KEY
public,transaction_notes,transaction_notes_content_not_null,CHECK
public,transaction_notes,transaction_notes_createdAt_not_null,CHECK
public,transaction_notes,transaction_notes_id_not_null,CHECK
public,transaction_notes,transaction_notes_transactionId_not_null,CHECK
public,transaction_notes,transaction_notes_transactionId_fkey,FOREIGN KEY
public,transaction_notes,transaction_notes_pkey,PRIMARY KEY
public,transaction_statuses,transaction_statuses_id_not_null,CHECK
public,transaction_statuses,transaction_statuses_name_not_null,CHECK
public,transaction_statuses,transaction_statuses_pkey,PRIMARY KEY
public,transactions,transactions_createdAt_not_null,CHECK
public,transactions,transactions_id_not_null,CHECK
public,transactions,transactions_listingId_not_null,CHECK
public,transactions,transactions_statusId_not_null,CHECK
public,transactions,transactions_transactionNumber_not_null,CHECK
public,transactions,transactions_updatedAt_not_null,CHECK
public,transactions,transactions_whenUpdated_not_null,CHECK
public,transactions,transactions_listingId_fkey,FOREIGN KEY
public,transactions,transactions_statusId_fkey,FOREIGN KEY
public,transactions,transactions_pkey,PRIMARY KEY
public,user_roles,user_roles_roleId_not_null,CHECK
public,user_roles,user_roles_userId_not_null,CHECK
public,user_roles,user_roles_roleId_fkey,FOREIGN KEY
public,user_roles,user_roles_userId_fkey,FOREIGN KEY
public,user_roles,user_roles_pkey,PRIMARY KEY
public,users,users_createdAt_not_null,CHECK
public,users,users_email_not_null,CHECK
public,users,users_firstName_not_null,CHECK
public,users,users_id_not_null,CHECK
public,users,users_lastName_not_null,CHECK
public,users,users_password_not_null,CHECK
public,users,users_updatedAt_not_null,CHECK
public,users,users_pkey,PRIMARY KEY
staging,associate_documents_raw,associate_documents_raw_id_not_null,CHECK
staging,associate_documents_raw,associate_documents_raw_loaded_at_not_null,CHECK
staging,associate_documents_raw,associate_documents_raw_pkey,PRIMARY KEY
staging,associates_raw,associates_raw_batch_id_not_null,CHECK
staging,associates_raw,associates_raw_id_not_null,CHECK
staging,associates_raw,associates_raw_loaded_at_not_null,CHECK
staging,associates_raw,associates_raw_pkey,PRIMARY KEY
staging,listing_associates,listing_associates_id_not_null,CHECK
staging,listing_associates,listing_associates_loaded_at_not_null,CHECK
staging,listing_associates,listing_associates_pkey,PRIMARY KEY
staging,listing_documents_raw,listing_documents_raw_id_not_null,CHECK
staging,listing_documents_raw,listing_documents_raw_loaded_at_not_null,CHECK
staging,listing_documents_raw,listing_documents_raw_pkey,PRIMARY KEY
staging,listing_features_raw,listing_features_raw_id_not_null,CHECK
staging,listing_features_raw,listing_features_raw_loaded_at_not_null,CHECK
staging,listing_features_raw,listing_features_raw_pkey,PRIMARY KEY
staging,listing_images_raw,listing_images_raw_id_not_null,CHECK
staging,listing_images_raw,listing_images_raw_loaded_at_not_null,CHECK
staging,listing_images_raw,listing_images_raw_pkey,PRIMARY KEY
staging,listing_marketing_urls_raw,listing_marketing_urls_raw_id_not_null,CHECK
staging,listing_marketing_urls_raw,listing_marketing_urls_raw_loaded_at_not_null,CHECK
staging,listing_marketing_urls_raw,listing_marketing_urls_raw_pkey,PRIMARY KEY
staging,listing_p24_feed_items_raw,listing_p24_feed_items_raw_id_not_null,CHECK
staging,listing_p24_feed_items_raw,listing_p24_feed_items_raw_loaded_at_not_null,CHECK
staging,listing_p24_feed_items_raw,listing_p24_feed_items_raw_pkey,PRIMARY KEY
staging,listing_property_areas_raw,listing_property_areas_raw_id_not_null,CHECK
staging,listing_property_areas_raw,listing_property_areas_raw_loaded_at_not_null,CHECK
staging,listing_property_areas_raw,listing_property_areas_raw_pkey,PRIMARY KEY
staging,listings_raw,listings_raw_batch_id_not_null,CHECK
staging,listings_raw,listings_raw_id_not_null,CHECK
staging,listings_raw,listings_raw_loaded_at_not_null,CHECK
staging,listings_raw,listings_raw_pkey,PRIMARY KEY
staging,listings_raw,uq_listings_raw_batch_source,UNIQUE
staging,market_centers_raw,market_centers_raw_batch_id_not_null,CHECK
staging,market_centers_raw,market_centers_raw_id_not_null,CHECK
staging,market_centers_raw,market_centers_raw_loaded_at_not_null,CHECK
staging,market_centers_raw,market_centers_raw_pkey,PRIMARY KEY
staging,ssms_listing_area_features_flat_raw,ssms_listing_area_features_flat_raw_id_not_null,CHECK
staging,ssms_listing_area_features_flat_raw,ssms_listing_area_features_flat_raw_loaded_at_not_null,CHECK
staging,ssms_listing_area_features_flat_raw,ssms_listing_area_features_flat_raw_pkey,PRIMARY KEY
staging,ssms_listing_building_area_features_raw,ssms_listing_building_area_features_raw_id_not_null,CHECK
staging,ssms_listing_building_area_features_raw,ssms_listing_building_area_features_raw_loaded_at_not_null,CHECK
staging,ssms_listing_building_area_features_raw,ssms_listing_building_area_features_raw_pkey,PRIMARY KEY
staging,ssms_listing_building_info_internet_raw,ssms_listing_building_info_internet_raw_id_not_null,CHECK
staging,ssms_listing_building_info_internet_raw,ssms_listing_building_info_internet_raw_loaded_at_not_null,CHECK
staging,ssms_listing_building_info_internet_raw,ssms_listing_building_info_internet_raw_pkey,PRIMARY KEY
staging,ssms_listing_building_info_public_transport_raw,ssms_listing_building_info_public_transport__loaded_at_not_null,CHECK
staging,ssms_listing_building_info_public_transport_raw,ssms_listing_building_info_public_transport_raw_id_not_null,CHECK
staging,ssms_listing_building_info_public_transport_raw,ssms_listing_building_info_public_transport_raw_pkey,PRIMARY KEY
staging,ssms_listing_building_info_raw,ssms_listing_building_info_raw_id_not_null,CHECK
staging,ssms_listing_building_info_raw,ssms_listing_building_info_raw_loaded_at_not_null,CHECK
staging,ssms_listing_building_info_raw,ssms_listing_building_info_raw_pkey,PRIMARY KEY
staging,ssms_listing_building_info_sustainability_raw,ssms_listing_building_info_sustainability_ra_loaded_at_not_null,CHECK
staging,ssms_listing_building_info_sustainability_raw,ssms_listing_building_info_sustainability_raw_id_not_null,CHECK
staging,ssms_listing_building_info_sustainability_raw,ssms_listing_building_info_sustainability_raw_pkey,PRIMARY KEY
staging,ssms_listing_details_raw,ssms_listing_details_raw_id_not_null,CHECK
staging,ssms_listing_details_raw,ssms_listing_details_raw_loaded_at_not_null,CHECK
staging,ssms_listing_details_raw,ssms_listing_details_raw_pkey,PRIMARY KEY
staging,ssms_listing_property_area_features_raw,ssms_listing_property_area_features_raw_id_not_null,CHECK
staging,ssms_listing_property_area_features_raw,ssms_listing_property_area_features_raw_loaded_at_not_null,CHECK
staging,ssms_listing_property_area_features_raw,ssms_listing_property_area_features_raw_pkey,PRIMARY KEY
staging,ssms_listing_property_areas_raw,ssms_listing_property_areas_raw_id_not_null,CHECK
staging,ssms_listing_property_areas_raw,ssms_listing_property_areas_raw_loaded_at_not_null,CHECK
staging,ssms_listing_property_areas_raw,ssms_listing_property_areas_raw_pkey,PRIMARY KEY
staging,teams_raw,teams_raw_batch_id_not_null,CHECK
staging,teams_raw,teams_raw_id_not_null,CHECK
staging,teams_raw,teams_raw_loaded_at_not_null,CHECK
staging,teams_raw,teams_raw_pkey,PRIMARY KEY
staging,transaction_agents,transaction_agents_created_at_not_null,CHECK
staging,transaction_agents,transaction_agents_id_not_null,CHECK
staging,transaction_agents,transaction_agents_transaction_id_not_null,CHECK
staging,transaction_agents,transaction_agents_pkey,PRIMARY KEY
staging,transaction_associate_payment_details,transaction_associate_payment_details_id_not_null,CHECK
staging,transaction_associate_payment_details,transaction_associate_payment_details_loaded_at_not_null,CHECK
staging,transaction_associate_payment_details,transaction_associate_payment_details_pkey,PRIMARY KEY
staging,transaction_bonds,transaction_bonds_id_not_null,CHECK
staging,transaction_bonds,transaction_bonds_loaded_at_not_null,CHECK
staging,transaction_bonds,transaction_bonds_pkey,PRIMARY KEY
staging,transaction_contacts_raw,transaction_contacts_raw_id_not_null,CHECK
staging,transaction_contacts_raw,transaction_contacts_raw_loaded_at_not_null,CHECK
staging,transaction_contacts_raw,transaction_contacts_raw_pkey,PRIMARY KEY
staging,transaction_documents_raw,transaction_documents_raw_id_not_null,CHECK
staging,transaction_documents_raw,transaction_documents_raw_loaded_at_not_null,CHECK
staging,transaction_documents_raw,transaction_documents_raw_pkey,PRIMARY KEY
staging,transaction_notes,transaction_notes_id_not_null,CHECK
staging,transaction_notes,transaction_notes_loaded_at_not_null,CHECK
staging,transaction_notes,transaction_notes_pkey,PRIMARY KEY
staging,transactions_raw,transactions_raw_batch_id_not_null,CHECK
staging,transactions_raw,transactions_raw_id_not_null,CHECK
staging,transactions_raw,transactions_raw_loaded_at_not_null,CHECK
staging,transactions_raw,transactions_raw_pkey,PRIMARY KEY
